Insert Into Movies Values(50001,'Poramon',1);
Insert Into Movies Values(50002,'Dohon',0);
Insert Into Movies Values(50003,'Jodi Ekdin',1);
Insert Into Movies Values(50004,'Avengers End Game',1);

Insert Into Theatres Values(60001,'Exposure');
Insert Into Theatres Values(60002,'Transition');
Insert Into Theatres Values(60003,'Club Royale');	   

Insert Into ShowtimeDay1 Values(70001,'01:40',60001,50001);
Insert Into ShowtimeDay1 Values(70002,'04:20',60001,50001);
Insert Into ShowtimeDay1 Values(70003,'07:15',60001,50002);
Insert Into ShowtimeDay1 Values(70004,'01:40',60002,50002);
Insert Into ShowtimeDay1 Values(70005,'04:20',60002,50002);
Insert Into ShowtimeDay1 Values(70006,'07:15',60002,50001);
Insert Into ShowtimeDay1 Values(70007,'11:30',60003,50003);
Insert Into ShowtimeDay1 Values(70008,'04:40',60003,50002);
Insert Into ShowtimeDay1 Values(70009,'07:25',60003,50003);


Insert Into SeattypeDay1 Values(150001,'Premium',70001);
Insert Into SeattypeDay1 Values(150002,'Regular',70001);
Insert Into SeattypeDay1 Values(150003,'Premium',70002);
Insert Into SeattypeDay1 Values(150004,'Regular',70002);
Insert Into SeattypeDay1 Values(150005,'Premium',70003);
Insert Into SeattypeDay1 Values(150006,'Regular',70003);
Insert Into SeattypeDay1 Values(150007,'Premium',70004);
Insert Into SeattypeDay1 Values(150008,'Regular',70004);
Insert Into SeattypeDay1 Values(150009,'Premium',70005);
Insert Into SeattypeDay1 Values(150010,'Regular',70005);
Insert Into SeattypeDay1 Values(150011,'Premium',70006);
Insert Into SeattypeDay1 Values(150012,'Regular',70006);
Insert Into SeattypeDay1 Values(150013,'Premium',70007);
Insert Into SeattypeDay1 Values(150014,'Regular',70007);
Insert Into SeattypeDay1 Values(150015,'Premium',70008);
Insert Into SeattypeDay1 Values(150016,'Regular',70008);
Insert Into SeattypeDay1 Values(150017,'Premium',70009);
Insert Into SeattypeDay1 Values(150018,'Regular',70009); 

Insert Into SeatDay1 Values(1900001,33,0,300,150001);
Insert Into SeatDay1 Values(1900002,34,0,300,150001);
Insert Into SeatDay1 Values(1900003,35,0,300,150001);
Insert Into SeatDay1 Values(1900004,36,0,300,150001);
Insert Into SeatDay1 Values(1900005,37,0,300,150001);
Insert Into SeatDay1 Values(1900006,103,0,350,150002);
Insert Into SeatDay1 Values(1900007,104,0,350,150002);
Insert Into SeatDay1 Values(1900008,105,0,350,150002);
Insert Into SeatDay1 Values(1900009,106,0,350,150002);
Insert Into SeatDay1 Values(1900010,107,0,350,150002);

Insert Into SeatDay1 Values(1900011,33,0,300,150003);
Insert Into SeatDay1 Values(1900012,34,0,300,150003);
Insert Into SeatDay1 Values(1900013,35,0,300,150003);
Insert Into SeatDay1 Values(1900014,36,0,300,150003);
Insert Into SeatDay1 Values(1900015,37,0,300,150003);
Insert Into SeatDay1 Values(1900016,103,0,360,150004);
Insert Into SeatDay1 Values(1900017,104,0,360,150004);
Insert Into SeatDay1 Values(1900018,105,0,360,150004);
Insert Into SeatDay1 Values(1900019,106,0,360,150004);
Insert Into SeatDay1 Values(1900020,107,0,360,150004);

Insert Into SeatDay1 Values(1900021,33,0,300,150005);
Insert Into SeatDay1 Values(1900022,34,0,300,150005);
Insert Into SeatDay1 Values(1900023,35,0,300,150005);
Insert Into SeatDay1 Values(1900024,36,0,300,150005);
Insert Into SeatDay1 Values(1900025,37,0,300,150005);
Insert Into SeatDay1 Values(1900026,103,0,360,150006);
Insert Into SeatDay1 Values(1900027,104,0,360,150006);
Insert Into SeatDay1 Values(1900028,105,0,360,150006);
Insert Into SeatDay1 Values(1900029,106,0,360,150006);
Insert Into SeatDay1 Values(1900030,107,0,360,150006);

Insert Into SeatDay1 Values(1900031,33,0,300,150007);
Insert Into SeatDay1 Values(1900032,34,0,300,150007);
Insert Into SeatDay1 Values(1900033,35,0,300,150007);
Insert Into SeatDay1 Values(1900034,36,0,300,150007);
Insert Into SeatDay1 Values(1900035,37,0,300,150007);
Insert Into SeatDay1 Values(1900036,103,0,360,150008);
Insert Into SeatDay1 Values(1900037,104,0,360,150008);
Insert Into SeatDay1 Values(1900038,105,0,360,150008);
Insert Into SeatDay1 Values(1900039,106,0,360,150008);
Insert Into SeatDay1 Values(1900040,107,0,360,150008);

Insert Into SeatDay1 Values(1900041,33,0,250,150009);
Insert Into SeatDay1 Values(1900042,34,0,250,150009);
Insert Into SeatDay1 Values(1900043,35,0,250,150009);
Insert Into SeatDay1 Values(1900044,36,0,250,150009);
Insert Into SeatDay1 Values(1900045,37,0,250,150009);
Insert Into SeatDay1 Values(1900046,103,0,300,150010);
Insert Into SeatDay1 Values(1900047,104,0,300,150010);
Insert Into SeatDay1 Values(1900048,105,0,300,150010);
Insert Into SeatDay1 Values(1900049,106,0,300,150010);
Insert Into SeatDay1 Values(1900050,107,0,300,150010);

Insert Into SeatDay1 Values(1900051,33,0,250,150011);
Insert Into SeatDay1 Values(1900052,34,0,250,150011);
Insert Into SeatDay1 Values(1900053,35,0,250,150011);
Insert Into SeatDay1 Values(1900054,36,0,250,150011);
Insert Into SeatDay1 Values(1900055,37,0,250,150011);
Insert Into SeatDay1 Values(1900056,103,0,300,150012);
Insert Into SeatDay1 Values(1900057,104,0,300,150012);
Insert Into SeatDay1 Values(1900058,105,0,300,150012);
Insert Into SeatDay1 Values(1900059,106,0,300,150012);
Insert Into SeatDay1 Values(1900060,107,0,300,150012);

Insert Into SeatDay1 Values(1900061,33,0,250,150013);
Insert Into SeatDay1 Values(1900062,34,0,250,150013);
Insert Into SeatDay1 Values(1900063,35,0,250,150013);
Insert Into SeatDay1 Values(1900064,36,0,250,150013);
Insert Into SeatDay1 Values(1900065,37,0,250,150013);
Insert Into SeatDay1 Values(1900066,103,0,300,150014);
Insert Into SeatDay1 Values(1900067,104,0,300,150014);
Insert Into SeatDay1 Values(1900068,105,0,300,150014);
Insert Into SeatDay1 Values(1900069,106,0,300,150014);
Insert Into SeatDay1 Values(1900070,107,0,300,150014);

Insert Into SeatDay1 Values(1900071,33,0,250,150015);
Insert Into SeatDay1 Values(1900072,34,0,250,150015);
Insert Into SeatDay1 Values(1900073,35,0,250,150015);
Insert Into SeatDay1 Values(1900074,36,0,250,150015);
Insert Into SeatDay1 Values(1900075,37,0,250,150015);
Insert Into SeatDay1 Values(1900076,103,0,300,150016);
Insert Into SeatDay1 Values(1900077,104,0,300,150016);
Insert Into SeatDay1 Values(1900078,105,0,300,150016);
Insert Into SeatDay1 Values(1900079,106,0,300,150016);
Insert Into SeatDay1 Values(1900080,107,0,300,150016);

Insert Into SeatDay1 Values(1900081,33,0,250,150017);
Insert Into SeatDay1 Values(1900082,34,0,250,150017);
Insert Into SeatDay1 Values(1900083,35,0,250,150017);
Insert Into SeatDay1 Values(1900084,36,0,250,150017);
Insert Into SeatDay1 Values(1900085,37,0,250,150017);
Insert Into SeatDay1 Values(1900086,103,0,300,150018);
Insert Into SeatDay1 Values(1900087,104,0,300,150018);
Insert Into SeatDay1 Values(1900088,105,0,300,150018);
Insert Into SeatDay1 Values(1900089,106,0,300,150018);
Insert Into SeatDay1 Values(1900090,107,0,300,150018);


